imu_pos_x, imu_pos_y, imu_pos_z, imu_rot_x, imu_rot_y, imu_rot_z,lh_pos_x, lh_pos_y, lh_pos_z, lh_rot_x, lh_rot_y, lh_rot_z,rh_pos_x, rh_pos_y, rh_pos_z, rh_rot_x, rh_rot_y, rh_rot_z,lh_thumb_x, lh_thumb_y, lh_thumb_z,lh_index_x, lh_index_y, lh_index_z,lh_middle_x, lh_middle_y, lh_middle_z,lh_ring_x, lh_ring_y, lh_ring_z,lh_little_x, lh_little_y, lh_little_z,rh_thumb_x, rh_thumb_y, rh_thumb_z,rh_index_x, rh_index_y, rh_index_z,rh_middle_x, rh_middle_y, rh_middle_z,rh_ring_x, rh_ring_y, rh_ring_z,rh_little_x, rh_little_y, rh_little_z,lh_thumb_knuckle_x, lh_thumb_knuckle_y, lh_thumb_knuckle_z,lh_index_knuckle_x, lh_index_knuckle_y, lh_index_knuckle_z,lh_middle_knuckle_x, lh_middle_knuckle_y, lh_middle_knuckle_z,lh_ring_knuckle_x, lh_ring_knuckle_y, lh_ring_knuckle_z,lh_little_knuckle_x, lh_little_knuckle_y, lh_little_knuckle_z,rh_thumb_knuckle_x, rh_thumb_knuckle_y, rh_thumb_knuckle_z,rh_index_knuckle_x, rh_index_knuckle_y, rh_index_knuckle_z,rh_middle_knuckle_x, rh_middle_knuckle_y, rh_middle_knuckle_z,rh_ring_knuckle_x, rh_ring_knuckle_y, rh_ring_knuckle_z,rh_little_knuckle_x, rh_little_knuckle_y, rh_little_knuckle_z,rh_thumb_curl, rh_index_curl, rh_middle_curl, rh_ring_curl, rh_little_curl,lh_thumb_curl, lh_index_curl, lh_middle_curl, lh_ring_curl, lh_little_curl
-1.94847548007965, 1.3290833234787, 0.07584598660469, -0.92703956365585, 0.13137413561344, 0.09820218384266, -1.69775104522705, 0.99414306879044, 0.15472823381424, 0.34436330199242, 1.93049359321594, -1.40682852268219, -2.13007736206055, 0.75542336702347, -0.01426270604134, 0.77803266048431, -0.03180644288659, 3.03955626487732, -1.7212290763855, 0.94102829694748, 0.28131139278412, -1.70817649364471, 0.83463609218597, 0.24012960493565, -1.71382999420166, 0.81566345691681, 0.21849399805069, -1.73014175891876, 0.82017993927002, 0.18989312648773, -1.74106287956238, 0.84187829494476, 0.16741994023323, -2.03680014610291, 0.7245854139328, -0.11297472566366, -2.11706137657166, 0.73726224899292, -0.19411072134972, -2.13970923423767, 0.75291687250137, -0.20421136915684, -2.15450692176819, 0.77975177764893, -0.19135084748268, -2.15994906425476, 0.79803323745728, -0.16430816054344, -1.71730816364288, 0.95959705114365, 0.22634510695934, -1.70515704154968, 0.87898552417755, 0.22663393616676, -1.71015596389771, 0.86606740951538, 0.20547191798687, -1.72137093544006, 0.8694771528244, 0.18100552260876, -1.73268842697144, 0.88288223743439, 0.16241171956062, -2.07637643814087, 0.74388343095779, -0.07499088346958, -2.11232829093933, 0.73773813247681, -0.14789929986, -2.13253426551819, 0.75223100185394, -0.15252305567265, -2.14652800559998, 0.77275466918945, -0.14161641895771, -2.15181493759155, 0.79020541906357, -0.12369902431965, 33.0492568275082, 0.50892651976349, 156.334424063238, 153.256194408096, 149.930069867219, 40.4699158512686, 158.933078815996, 156.865266365531, 153.445622874537, 152.730133238222
-1.95029497146606, 1.32722353935242, 0.07555618882179, -0.92850738763809, 0.13603046536446, 0.09304200857878, -1.69596195220947, 0.99349683523178, 0.15537613630295, 0.33752766251564, 1.92738902568817, -1.42794895172119, -2.13186311721802, 0.7496737241745, -0.01307198405266, 0.77230650186539, -0.03219560906291, 3.04084300994873, -1.71806061267853, 0.93832248449326, 0.28132507205009, -1.70345175266266, 0.83271586894989, 0.23867028951645, -1.70888483524323, 0.81394410133362, 0.21680414676666, -1.72538375854492, 0.81857591867447, 0.18832942843437, -1.7367467880249, 0.84039169549942, 0.1661914139986, -2.03828287124634, 0.71944576501846, -0.11168594658375, -2.11851119995117, 0.73172068595886, -0.1929162889719, -2.14123582839966, 0.74725222587585, -0.20303475856781, -2.15620422363281, 0.77399212121964, -0.19017370045185, -2.16178607940674, 0.79222196340561, -0.16312471032143, -1.71466481685638, 0.95768445730209, 0.22659803926945, -1.70120692253113, 0.87728464603424, 0.22575907409191, -1.70608174800873, 0.86457049846649, 0.20444512367249, -1.71744978427887, 0.86812353134155, 0.18006999790668, -1.72905886173248, 0.88158965110779, 0.16170132160187, -2.07801842689514, 0.7384877204895, -0.07373917102814, -2.11384057998657, 0.7321897149086, -0.14669844508171, -2.13412356376648, 0.7465695142746, -0.15133771300316, -2.14824914932251, 0.7670042514801, -0.14043416082859, -2.15365958213806, 0.78441107273102, -0.12251084297895, 32.8837032873109, 0.50057650678145, 156.223447149603, 153.262341578349, 149.964521341392, 40.5200255341144, 159.447105192553, 157.123010384051, 153.541682655024, 152.925326384323
-1.95186746120453, 1.32551193237305, 0.07528904080391, -0.93124264478683, 0.13992324471474, 0.08800953626633, -1.69331979751587, 0.99366819858551, 0.15497481822968, 0.33754217624664, 1.92669022083282, -1.44706547260284, -2.13186645507813, 0.74310064315796, -0.01373276114464, 0.75793170928955, -0.02550448477268, 3.04718327522278, -1.71376705169678, 0.93734419345856, 0.28069359064102, -1.69761908054352, 0.83226770162582, 0.23729094862938, -1.70285856723785, 0.8135432600975, 0.21533717215061, -1.71959495544434, 0.81807237863541, 0.18698477745056, -1.73145043849945, 0.83983021974564, 0.16504892706871, -2.03808784484863, 0.71464174985886, -0.11268415302038, -2.11867475509644, 0.72608786821365, -0.19368025660515, -2.14164566993713, 0.74132990837097, -0.20368219912052, -2.15697002410889, 0.76779633760452, -0.19067572057247, -2.16275262832642, 0.78583121299744, -0.16353829205036, -1.71100986003876, 0.9571014046669, 0.2260720282793, -1.69620084762573, 0.87694770097733, 0.22464953362942, -1.70098125934601, 0.86428588628769, 0.20328313112259, -1.7125461101532, 0.86779773235321, 0.17899475991726, -1.72448515892029, 0.88117957115173, 0.16077667474747, -2.07800674438477, 0.73294812440872, -0.07456814497709, -2.11390376091003, 0.72643321752548, -0.14747157692909, -2.13440370559692, 0.74053639173508, -0.15200474858284, -2.14879870414734, 0.7607187628746, -0.140983954072, -2.1544189453125, 0.77797091007233, -0.12297593057156, 32.8243796792747, 0.50134111444252, 156.106609933661, 153.244979237479, 150.03580119557, 40.5725428586426, 159.890862582928, 157.373036288808, 153.653738738548, 153.154738778165
-1.95340991020203, 1.32390654087067, 0.07503345608711, -0.93367660045624, 0.14342212677002, 0.0832577124238, -1.6919047832489, 0.99416089057922, 0.15511870384216, 0.33990323543549, 1.92552065849304, -1.46783697605133, -2.1305673122406, 0.74192678928375, -0.0142562687397, 0.74851387739182, -0.02500708214939, 3.04932832717896, -1.71054172515869, 0.93688368797302, 0.2806881070137, -1.69263291358948, 0.83233499526978, 0.2367055118084, -1.69763910770416, 0.8136134147644, 0.214694917202, -1.71462285518646, 0.81794929504395, 0.18645958602428, -1.72701978683472, 0.83957493305206, 0.16469307243824, -2.03642868995667, 0.71448743343353, -0.11315359175205, -2.11704206466675, 0.72527897357941, -0.1942131370306, -2.14014625549316, 0.7403165102005, -0.20421734452248, -2.15573287010193, 0.76661956310272, -0.19119088351727, -2.16171169281006, 0.78456282615662, -0.16403530538082, -1.70847952365875, 0.9569383263588, 0.22614432871342, -1.69214475154877, 0.87709105014801, 0.22426441311836, -1.69680488109589, 0.86443704366684, 0.20286680757999, -1.70857501029968, 0.8678365945816, 0.17866122722626, -1.72087347507477, 0.88106942176819, 0.16057385504246, -2.07655549049377, 0.73236483335495, -0.07505241036415, -2.11231899261475, 0.72560793161392, -0.14799942076206, -2.13294696807861, 0.73952269554138, -0.15253394842148, -2.14754271507263, 0.7595534324646, -0.14150056242943, -2.15334320068359, 0.7767276763916, -0.12347523123026, 32.7369737484661, 0.515831254045, 155.985346755137, 153.216060216533, 150.050390479637, 40.7200237182961, 160.723257737078, 157.569827699175, 153.769865614816, 153.346516829681
-1.95489025115967, 1.32246387004852, 0.07478752732277, -0.93555516004562, 0.14655491709709, 0.07962334156036, -1.69049751758575, 0.99451196193695, 0.155308842659, 0.34200599789619, 1.92459607124329, -1.48719274997711, -2.12991905212402, 0.74013155698776, -0.01453611254692, 0.73996198177338, -0.02455756254494, 3.05137801170349, -1.70740878582001, 0.93637102842331, 0.28072547912598, -1.68788528442383, 0.83234906196594, 0.23618477582932, -1.69267976284027, 0.81363606452942, 0.21411982178688, -1.70989549160004, 0.81778955459595, 0.18599785864353, -1.72279739379883, 0.83928406238556, 0.16439543664455, -2.03545594215393, 0.71363002061844, -0.11337983608246, -2.11608338356018, 0.72383439540863, -0.19450148940086, -2.13930654525757, 0.73868596553802, -0.20450808107853, -2.15513038635254, 0.76483726501465, -0.19146236777306, -2.16128873825073, 0.78269320726395, -0.16428929567337, -1.70600914955139, 0.95669400691986, 0.22626003623009, -1.6882643699646, 0.87715983390808, 0.22393845021725, -1.69281768798828, 0.86451691389084, 0.20251131057739, -1.7047815322876, 0.86781001091003, 0.17838613688946, -1.71741485595703, 0.88089901208878, 0.16042524576187, -2.07577037811279, 0.73111271858215, -0.07529351115227, -2.11140632629395, 0.72414380311966, -0.14828293025494, -2.13214898109436, 0.73788678646088, -0.15281894803047, -2.14692640304565, 0.75777715444565, -0.14177350699902, -2.15289092063904, 0.77487748861313, -0.12373149394989, 32.6123979281942, 0.53291451765455, 155.844439952559, 153.184340818028, 150.064665575003, 40.9281737332522, 161.528127228872, 157.776973676323, 153.89237188777, 153.545193372258
-1.95643424987793, 1.32104706764221, 0.07459291815758, -0.93686604499817, 0.14884385466576, 0.07668753713369, -1.68909049034119, 0.99478125572205, 0.1555255651474, 0.34389889240265, 1.92385458946228, -1.5052855014801, -2.12966346740723, 0.73757237195969, -0.01469311118126, 0.73199546337128, -0.02414272911847, 3.05336833000183, -1.70435810089111, 0.93585592508316, 0.28078693151474, -1.68334710597992, 0.83235591650009, 0.23571023344994, -1.68794846534729, 0.81365585327148, 0.2135932892561, -1.70538175106049, 0.81763672828674, 0.18558064103127, -1.71875536441803, 0.8390012383461, 0.16413675248623, -2.03490090370178, 0.71195435523987, -0.11348304897547, -2.11553287506104, 0.72161757946014, -0.19466623663902, -2.13886499404907, 0.73629570007324, -0.20467536151409, -2.15490961074829, 0.7623028755188, -0.19161094725132, -2.16123533248901, 0.78007405996323, -0.16442079842091, -1.7035893201828, 0.95642125606537, 0.22639994323254, -1.68453729152679, 0.87720370292664, 0.22365288436413, -1.68899476528168, 0.86457419395447, 0.20219773054123, -1.70114135742188, 0.86776602268219, 0.17815034091473, -1.71408689022064, 0.88071590662003, 0.16031144559383, -2.07538866996765, 0.72906500101089, -0.07541178911924, -2.11090087890625, 0.72190499305725, -0.1484430283308, -2.13174867630005, 0.73548746109009, -0.15298071503639, -2.14669489860535, 0.75524473190308, -0.14192356169224, -2.15281271934509, 0.77227365970612, -0.12386526167393, 32.4684516914362, 0.55249661664412, 155.689831790507, 153.149889343854, 150.078735764693, 41.1561688628418, 162.288354604251, 158.007028107947, 154.021079972489, 153.75296772681
-1.95788609981537, 1.31968998908997, 0.07440075278282, -0.93773490190506, 0.15089090168476, 0.0736186876893, -1.68867886066437, 0.99489814043045, 0.15601170063019, 0.35018277168274, 1.92757034301758, -1.51347780227661, -2.12919187545776, 0.73733252286911, -0.01439890265465, 0.72312015295029, -0.02572100423276, 3.05369853973389, -1.70257794857025, 0.93623876571655, 0.28155690431595, -1.68088603019714, 0.83279502391815, 0.23667404055595, -1.68545436859131, 0.8139808177948, 0.21464721858501, -1.70310580730438, 0.817706823349, 0.18673625588417, -1.71681880950928, 0.83887505531311, 0.16531203687191, -2.03402805328369, 0.71256011724472, -0.11301873624325, -2.1145966053009, 0.72150975465775, -0.19434663653374, -2.13804030418396, 0.73598057031631, -0.20439745485783, -2.15433859825134, 0.76184380054474, -0.19136145710945, -2.16087055206299, 0.77955716848373, -0.16418240964413, -1.70235574245453, 0.95663380622864, 0.22710084915161, -1.68257665634155, 0.87759029865265, 0.22448195517063, -1.68705415725708, 0.8648499250412, 0.20309662818909, -1.69938600063324, 0.86784934997559, 0.17911887168884, -1.71256828308105, 0.88061910867691, 0.1613235771656, -2.07473468780518, 0.72930943965912, -0.07502004504204, -2.11005067825317, 0.72183680534363, -0.14811514317989, -2.13100981712341, 0.73523378372192, -0.15269009768963, -2.14615082740784, 0.75485724210739, -0.14165948331356, -2.15245199203491, 0.77183055877686, -0.12361192703247, 32.4067443473797, 0.56198166832801, 155.444272829467, 153.110123982506, 150.067957726183, 41.4691008098551, 163.047830658822, 158.298636204372, 154.173215606062, 153.866745018004
-1.95917904376984, 1.31841385364532, 0.0741962492466, -0.93897485733032, 0.15211541950703, 0.07172407954931, -1.68823158740997, 0.99493312835693, 0.1564724445343, 0.35595256090164, 1.93093025684357, -1.52173221111298, -2.12882018089294, 0.73685348033905, -0.01410725712776, 0.71433365345001, -0.02729153074324, 3.05408406257629, -1.70080649852753, 0.93648850917816, 0.28225713968277, -1.67843389511108, 0.83312880992889, 0.23751512169838, -1.68296384811401, 0.81421327590942, 0.21556723117828, -1.70082175731659, 0.81769973039627, 0.18775689601898, -1.71486330032349, 0.83868169784546, 0.16636231541634, -2.0332624912262, 0.71292507648468, -0.11255450546741, -2.11375832557678, 0.72117137908936, -0.19402880966663, -2.13730978965759, 0.73543614149094, -0.20412166416645, -2.15385842323303, 0.76115423440933, -0.19111414253712, -2.16059565544128, 0.77880781888962, -0.1639462262392, -1.7011114358902, 0.95673680305481, 0.2277467995882, -1.68061590194702, 0.87787318229675, 0.22521480917931, -1.68510746955872, 0.86503386497498, 0.20389170944691, -1.69761502742767, 0.8678537607193, 0.17998331785202, -1.71102547645569, 0.88045239448547, 0.16223657131195, -2.07418394088745, 0.72931337356567, -0.07462932914495, -2.109299659729, 0.721535384655, -0.14778910577297, -2.13036727905273, 0.73474788665771, -0.15240161120892, -2.14570045471191, 0.75423669815063, -0.14139768481255, -2.15218329429626, 0.77115285396576, -0.12336081266403, 32.343862210786, 0.57214733769051, 155.20048971761, 153.067530922842, 150.053682630817, 41.7728700580969, 163.788510032796, 158.624053737188, 154.366346035034, 153.98527612086
-1.96027553081512, 1.31718993186951, 0.07392939925194, -0.9408592581749, 0.15317356586456, 0.07037159055471, -1.68812489509583, 0.99474430084229, 0.15651994943619, 0.35912173986435, 1.93293714523315, -1.52506387233734, -2.12853026390076, 0.73685324192047, -0.01383647322655, 0.70961362123489, -0.03139142692089, 3.052734375, -1.70006477832794, 0.93648445606232, 0.2824521958828, -1.67741644382477, 0.83313250541687, 0.23783119022846, -1.68193936347961, 0.81415796279907, 0.2159329354763, -1.69989931583405, 0.8175203204155, 0.1881730556488, -1.71409332752228, 0.83840543031693, 0.16678428649902, -2.03254508972168, 0.71325981616974, -0.11194796860218, -2.11281561851501, 0.72103464603424, -0.19369024038315, -2.13640093803406, 0.73517715930939, -0.20387542247772, -2.15311193466187, 0.7608323097229, -0.19095119833946, -2.16001915931702, 0.77848535776138, -0.16382569074631, -1.70062434673309, 0.95662951469421, 0.22790560126305, -1.67981827259064, 0.87784469127655, 0.22545486688614, -1.68432533740997, 0.8649474978447, 0.20417000353336, -1.69692003726959, 0.86767220497131, 0.18029627203941, -1.71043741703033, 0.88018345832825, 0.16256886720657, -2.07366466522217, 0.72949969768524, -0.07417371869087, -2.10850763320923, 0.72147279977798, -0.14743688702583, -2.12962222099304, 0.73458105325699, -0.15213254094124, -2.14508175849915, 0.75401043891907, -0.14120073616505, -2.15170192718506, 0.77091670036316, -0.12320455163717, 32.2812635270428, 0.58693485732615, 155.041168725031, 153.026700051984, 150.031894327365, 41.931405578922, 164.606862318012, 159.022595275258, 154.606946278736, 154.106771525816
-1.96118247509003, 1.31611216068268, 0.07361325621605, -0.94351673126221, 0.15455830097198, 0.06876789033413, -1.68799376487732, 0.99456399679184, 0.15657192468643, 0.36203837394714, 1.93477153778076, -1.52847528457642, -2.12830877304077, 0.7367497086525, -0.01337775588036, 0.70521181821823, -0.03530650958419, 3.05147528648376, -1.69931697845459, 0.93645811080933, 0.2826321721077, -1.67638862133026, 0.83312678337097, 0.23810654878616, -1.68090164661407, 0.81409919261932, 0.21625229716301, -1.69895923137665, 0.81734496355057, 0.18854185938835, -1.71330189704895, 0.83813869953156, 0.16716325283051, -2.03191781044006, 0.71346831321716, -0.11116551607847, -2.11196780204773, 0.72080272436142, -0.19316437840462, -2.13558316230774, 0.73483091592789, -0.20343817770481, -2.15244579315186, 0.76042693853378, -0.1905942261219, -2.15951418876648, 0.77807939052582, -0.16350981593132, -1.70012307167053, 0.95651352405548, 0.22805565595627, -1.67900788784027, 0.87780910730362, 0.22566667199135, -1.6835275888443, 0.86485987901688, 0.20441609621048, -1.69620549678802, 0.86749577522278, 0.18057648837566, -1.70982694625854, 0.87992423772812, 0.16287045180798, -2.0732250213623, 0.7295697927475, -0.07353673875332, -2.1078052520752, 0.72131043672562, -0.14689841866493, -2.12896203994751, 0.73432111740112, -0.15167394280434, -2.14454007148743, 0.75369477272034, -0.14081159234047, -2.15128993988037, 0.7705916762352, -0.12285476177931, 32.2177598432346, 0.60292753182432, 154.873993014906, 152.983847445131, 150.006281117978, 42.0995101947744, 165.401008412809, 159.411055454113, 154.85988184408, 154.232474327301
-1.96191322803497, 1.31512641906738, 0.0733759701252, -0.9467071890831, 0.1560800075531, 0.06737428158522, -1.68782591819763, 0.99437594413757, 0.15662831068039, 0.36504831910133, 1.93664944171906, -1.53226482868195, -2.12817454338074, 0.73644560575485, -0.01276126503944, 0.70082277059555, -0.03928211703897, 3.05022358894348, -1.69848799705505, 0.93641710281372, 0.28281384706497, -1.67525029182434, 0.83311808109283, 0.23837368190289, -1.6797502040863, 0.81403696537018, 0.2165634483099, -1.69791102409363, 0.81716048717499, 0.18890649080276, -1.71241366863251, 0.83785790205002, 0.16754229366779, -2.03137397766113, 0.7134752869606, -0.1102173179388, -2.11119484901428, 0.72037017345428, -0.19247722625732, -2.13483810424805, 0.73428398370743, -0.2028414607048, -2.15185260772705, 0.75982069969177, -0.1900797188282, -2.15908336639404, 0.77747225761414, -0.16303768754005, -1.69955790042877, 0.95638388395309, 0.22820937633514, -1.67810547351837, 0.87776911258698, 0.22587348520756, -1.68263697624207, 0.86476719379425, 0.20465759932995, -1.69540297985077, 0.86731046438217, 0.18085500597954, -1.70913577079773, 0.87965160608292, 0.16317391395569, -2.07286977767944, 0.72943866252899, -0.07273754477501, -2.10718107223511, 0.72094738483429, -0.14619892835617, -2.12837910652161, 0.73386055231094, -0.15105597674847, -2.14407563209534, 0.75317823886871, -0.1402647793293, -2.15095543861389, 0.77006560564041, -0.12234842032194, 32.1533853103072, 0.62007749649999, 154.672160924932, 152.939014083419, 149.977006927195, 42.2858445855215, 166.17512839296, 159.795622425142, 155.116614994603, 154.362234261153
-1.96256577968597, 1.31424582004547, 0.07320126891136, -0.95037579536438, 0.15824110805988, 0.0654059574008, -1.68740737438202, 0.99425864219666, 0.15691190958023, 0.36820581555367, 1.94069862365723, -1.53446984291077, -2.12852191925049, 0.73562180995941, -0.0122222006321, 0.69760727882385, -0.0426310710609, 3.05025863647461, -1.6972815990448, 0.93654698133469, 0.28327471017838, -1.67394292354584, 0.8332211971283, 0.23894974589348, -1.67848980426788, 0.81407821178436, 0.2172035574913, -1.69679367542267, 0.81708514690399, 0.18962807953358, -1.71146273612976, 0.83769088983536, 0.16828891634941, -2.03131985664368, 0.71295309066772, -0.1093488112092, -2.11088466644287, 0.71958315372467, -0.19187812507153, -2.13453769683838, 0.73341989517212, -0.20232354104519, -2.15167713165283, 0.75890302658081, -0.18962205946445, -2.15905570983887, 0.77653396129608, -0.16260650753975, -1.69867670536041, 0.95638954639435, 0.22863230109215, -1.67699527740479, 0.87783551216125, 0.22636538743973, -1.68158936500549, 0.86477291584015, 0.20520032942295, -1.69447815418243, 0.86722457408905, 0.18145430088043, -1.70833396911621, 0.87948459386826, 0.16381284594536, -2.07299280166626, 0.72878670692444, -0.07201091945171, -2.10702896118164, 0.72017788887024, -0.14558662474155, -2.12825179100037, 0.73302239179611, -0.15051653981209, -2.14404654502869, 0.75229060649872, -0.13978046178818, -2.15104126930237, 0.76915752887726, -0.12188925594091, 32.0987881931767, 0.6155616208807, 154.541185217407, 152.892746381982, 149.939290622598, 42.3112870401798, 166.721420583156, 160.305304801386, 155.360261502675, 154.472692080411
-1.9631952047348, 1.31346726417542, 0.07304367423058, -0.95396566390991, 0.15941913425922, 0.06375218182802, -1.68676328659058, 0.99415171146393, 0.15722525119781, 0.37166956067085, 1.94511139392853, -1.53707885742188, -2.12910342216492, 0.73435860872269, -0.01149317622185, 0.69438344240189, -0.04605400934815, 3.05031752586365, -1.69575726985931, 0.93670296669006, 0.28377348184586, -1.67229127883911, 0.83335602283478, 0.23956519365311, -1.67688691616058, 0.81414610147476, 0.21788839995861, -1.69534862041473, 0.81702375411987, 0.19040450453758, -1.71020424365997, 0.83752745389938, 0.16909624636173, -2.03149318695068, 0.71199429035187, -0.10828050225973, -2.1107931137085, 0.71836030483246, -0.19108532369137, -2.13445401191711, 0.73211979866028, -0.20161397755146, -2.15171933174133, 0.75754874944687, -0.18897449970245, -2.15924835205078, 0.77515828609467, -0.16198647022247, -1.69751477241516, 0.95641195774078, 0.22909316420555, -1.67556846141815, 0.87792962789536, 0.22689333558083, -1.68022966384888, 0.86480122804642, 0.20578372478485, -1.69325387477875, 0.86715161800385, 0.18210147321224, -1.70724713802338, 0.87932127714157, 0.16450598835945, -2.07334613800049, 0.72769695520401, -0.07108867168427, -2.10709929466248, 0.71897172927856, -0.14478084445, -2.12834644317627, 0.73174732923508, -0.14978547394276, -2.14424014091492, 0.75096547603607, -0.13910610973835, -2.15135097503662, 0.76781141757965, -0.12124095112085, 32.0447272458961, 0.60924876517946, 154.408597585239, 152.844716491738, 149.897544506391, 42.3343594191961, 167.302533077741, 160.793909213852, 155.606093671283, 154.583996843125
-1.96375691890717, 1.31277275085449, 0.07284066081047, -0.95678240060806, 0.15952721238136, 0.06360559165478, -1.68607783317566, 0.99407720565796, 0.15742373466492, 0.37616419792175, 1.95161318778992, -1.536168217659, -2.12928628921509, 0.73359215259552, -0.01128074526787, 0.6937934756279, -0.04535329341888, 3.05143904685974, -1.69424045085907, 0.93718999624252, 0.28428161144257, -1.67095637321472, 0.8336655497551, 0.24039360880852, -1.67566859722137, 0.8143544793129, 0.21883201599121, -1.69430196285248, 0.81709277629852, 0.19144994020462, -1.70930683612823, 0.83748787641525, 0.17014196515083, -2.03166055679321, 0.71136993169785, -0.10808502882719, -2.11096286773682, 0.7177551984787, -0.19088587164879, -2.13463234901428, 0.73150855302811, -0.20140343904495, -2.15191388130188, 0.75691610574722, -0.18874306976795, -2.15945434570313, 0.77449840307236, -0.16174048185349, -1.69635260105133, 0.95665156841278, 0.22952526807785, -1.67435097694397, 0.87817895412445, 0.22754231095314, -1.67913067340851, 0.86495178937912, 0.2065210044384, -1.69230282306671, 0.86718463897705, 0.18290926516056, -1.70641505718231, 0.87926316261292, 0.16534602642059, -2.07352375984192, 0.72701531648636, -0.07088083028793, -2.10727024078369, 0.71833026409149, -0.14458081126213, -2.1285252571106, 0.73109668493271, -0.14957517385483, -2.14443135261536, 0.75029599666595, -0.13888004422188, -2.1515531539917, 0.76712256669998, -0.12100096046925, 31.9950956762922, 0.59795520746941, 154.17447236087, 152.788107883897, 149.847424578261, 42.336162589137, 167.902756441623, 161.145595654216, 155.878426973869, 154.69653103989
-1.9642698764801, 1.31215214729309, 0.0726253092289, -0.95937317609787, 0.15992121398449, 0.06352476775646, -1.68528342247009, 0.99399769306183, 0.15763610601425, 0.38101932406425, 1.95866358280182, -1.53523898124695, -2.12955021858215, 0.73267555236816, -0.01103606820107, 0.69346171617508, -0.04488633945584, 3.05214381217957, -1.69253635406494, 0.93771547079086, 0.28481864929199, -1.66943979263306, 0.83400374650955, 0.24127504229546, -1.67427659034729, 0.81458407640457, 0.2198389172554, -1.6930958032608, 0.81717145442963, 0.1925695836544, -1.7082644701004, 0.83744835853577, 0.17126467823982, -2.03191804885864, 0.71053904294968, -0.10785362124443, -2.11122417449951, 0.71693968772888, -0.19064983725548, -2.13489866256714, 0.7306901216507, -0.20115976035595, -2.15218901634216, 0.75608485937119, -0.18848572671413, -2.15973520278931, 0.77365028858185, -0.16147376596928, -1.69503569602966, 0.95691025257111, 0.22998455166817, -1.67296671867371, 0.87845116853714, 0.2282323539257, -1.67787349224091, 0.86511790752411, 0.2073076069355, -1.69120585918427, 0.86722350120544, 0.18377429246902, -1.70544803142548, 0.87920290231705, 0.16624809801579, -2.07378625869751, 0.72614991664886, -0.07064051926136, -2.10753107070923, 0.71749168634415, -0.14434452354908, -2.12879061698914, 0.73025315999985, -0.14933180809021, -2.14470338821411, 0.74944114685059, -0.13862632215023, -2.15183067321777, 0.76625573635101, -0.12073826789856, 31.946495465253, 0.5845157964212, 153.940688645958, 152.728890143793, 149.792851366793, 42.3331265700509, 168.529153090405, 161.495765792585, 156.147536427168, 154.809966821626
-1.96463513374329, 1.31174349784851, 0.07238993048668, -0.96118432283401, 0.16013626754284, 0.06345415115356, -1.68434047698975, 0.99373018741608, 0.15761804580688, 0.38702139258385, 1.96436238288879, -1.53412997722626, -2.13102030754089, 0.73021376132965, -0.01096203923225, 0.69292533397675, -0.04435342550278, 3.05374026298523, -1.69084584712982, 0.93819552659988, 0.28516912460327, -1.66783940792084, 0.83425736427307, 0.24212059378624, -1.67276298999786, 0.81470417976379, 0.22082602977753, -1.69172954559326, 0.81710457801819, 0.19364166259766, -1.70703768730164, 0.83723443746567, 0.17229725420475, -2.03332805633545, 0.7082514166832, -0.10775852948427, -2.11259746551514, 0.71470475196838, -0.19058561325073, -2.13627505302429, 0.72845393419266, -0.2010905444622, -2.15358662605286, 0.75382316112518, -0.1883944272995, -2.16115641593933, 0.77135157585144, -0.16136504709721, -1.69366061687469, 0.95706069469452, 0.23023599386215, -1.6714950799942, 0.87862169742584, 0.22883303463459, -1.67649435997009, 0.86515784263611, 0.20801405608654, -1.68995356559753, 0.8671059012413, 0.18453946709633, -1.70430433750153, 0.87896209955215, 0.16701799631119, -2.07522368431091, 0.72379273176193, -0.07054708898067, -2.10892724990845, 0.71520328521729, -0.14427791535854, -2.13019204139709, 0.72795820236206, -0.14926020801067, -2.14612126350403, 0.74712389707565, -0.13853940367699, -2.15326738357544, 0.76391273736954, -0.12063462287188, 31.8984143485907, 0.57238516701185, 153.697178741669, 152.66053361058, 149.724385550553, 42.3000513789951, 169.10063501826, 161.911287180931, 156.470822940963, 154.920930074882
-1.96493542194366, 1.31149196624756, 0.07203218340874, -0.96244668960571, 0.15936878323555, 0.06386256963015, -1.68332409858704, 0.99345177412033, 0.15758538246155, 0.39312729239464, 1.97010695934296, -1.53302597999573, -2.13264060020447, 0.72740715742111, -0.01090350747108, 0.69218200445175, -0.04354517534375, 3.05614423751831, -1.68907129764557, 0.93867820501328, 0.28550148010254, -1.66614544391632, 0.83451467752457, 0.24295774102211, -1.67115414142609, 0.81482660770416, 0.22180786728859, -1.69026839733124, 0.81703644990921, 0.19471099972725, -1.70571875572205, 0.83701574802399, 0.17332762479782, -2.03485989570618, 0.70570105314255, -0.10766863822937, -2.11407470703125, 0.71223956346512, -0.1905415058136, -2.13775587081909, 0.72598826885223, -0.20103867352009, -2.15509748458862, 0.75132012367249, -0.18830908834934, -2.16270136833191, 0.76879322528839, -0.16125346720219, -1.69220519065857, 0.95720785856247, 0.23047149181366, -1.66993522644043, 0.87879294157028, 0.22942289710045, -1.67502582073212, 0.86519676446915, 0.20871232450008, -1.68861258029938, 0.86698442697525, 0.18529848754406, -1.70307326316834, 0.87871462106705, 0.16778264939785, -2.07679533958435, 0.72114032506943, -0.07045952230692, -2.11043834686279, 0.71265697479248, -0.14423030614853, -2.13171005249023, 0.7254034280777, -0.14920489490032, -2.1476628780365, 0.7445365190506, -0.13846090435982, -2.15483570098877, 0.7612869143486, -0.12053088098764, 31.8512314018042, 0.55879255695499, 153.462548083301, 152.588721001646, 149.650291658436, 42.2586296967736, 169.690804343684, 162.335797098226, 156.783713906841, 155.032166535705
-1.96524584293365, 1.31136655807495, 0.07167401909828, -0.96305251121521, 0.1584195047617, 0.06485551595688, -1.68228507041931, 0.99317812919617, 0.15755504369736, 0.39929312467575, 1.97586846351624, -1.53192400932312, -2.13419675827026, 0.7246253490448, -0.01088061928749, 0.69127875566483, -0.04248546436429, 3.05927848815918, -1.68726825714111, 0.93917441368103, 0.28582999110222, -1.6644139289856, 0.83478796482086, 0.24379724264145, -1.66950607299805, 0.81496441364288, 0.2227942943573, -1.68876779079437, 0.81698167324066, 0.19578698277473, -1.70436179637909, 0.83680808544159, 0.17436558008194, -2.03630352020264, 0.70324724912643, -0.10760493576527, -2.11544704437256, 0.7099027633667, -0.19053652882576, -2.13913226127625, 0.72365254163742, -0.20102335512638, -2.1565113067627, 0.74893671274185, -0.18825003504753, -2.16415810585022, 0.76633787155151, -0.16116018593311, -1.69072329998016, 0.95736473798752, 0.23070612549782, -1.66834211349487, 0.8789775967598, 0.2300144135952, -1.67352271080017, 0.86524838209152, 0.2094142138958, -1.68723678588867, 0.86687386035919, 0.18606285750866, -1.70180809497833, 0.87847632169724, 0.16855365037918, -2.07828950881958, 0.71855598688126, -0.07039876282215, -2.11185455322266, 0.71021395921707, -0.14422108232975, -2.13313436508179, 0.72295075654984, -0.1491854339838, -2.14911651611328, 0.74204224348068, -0.13841110467911, -2.15632319450378, 0.7587428689003, -0.1204481497407, 31.8049056437586, 0.54373375074326, 153.234829576373, 152.513616241533, 149.550939726769, 42.2091722969935, 170.297926198628, 162.759227845632, 157.085881475722, 155.143730845608
-1.96564066410065, 1.31138586997986, 0.07145890593529, -0.96275901794434, 0.15725708007813, 0.06666450202465, -1.68170928955078, 0.99299746751785, 0.15735340118408, 0.40695816278458, 1.9796062707901, -1.52852141857147, -2.13411283493042, 0.72488075494766, -0.01107278466225, 0.69077461957932, -0.04198694601655, 3.06025552749634, -1.68637526035309, 0.94005674123764, 0.28608259558678, -1.66360425949097, 0.83532929420471, 0.2448605298996, -1.6687433719635, 0.81533181667328, 0.22403466701508, -1.68807029724121, 0.81712257862091, 0.19705797731876, -1.70371901988983, 0.83676868677139, 0.17551073431969, -2.03619623184204, 0.70362573862076, -0.10780052095652, -2.11533284187317, 0.71029955148697, -0.19073708355427, -2.13902425765991, 0.72404432296753, -0.20121678709984, -2.15641832351685, 0.7493097782135, -0.18842715024948, -2.16407775878906, 0.76668709516525, -0.16132554411888, -1.68996572494507, 0.95778959989548, 0.23081849515438, -1.6675728559494, 0.87940275669098, 0.2307218760252, -1.67280066013336, 0.86550271511078, 0.21024852991104, -1.68657112121582, 0.86693280935287, 0.18691754341125, -1.70118641853333, 0.87838768959045, 0.16934797167778, -2.07819485664368, 0.71888482570648, -0.0705883949995, -2.11174654960632, 0.71057879924774, -0.14442095160484, -2.13303232192993, 0.72330784797668, -0.149378657341, -2.1490261554718, 0.74238288402557, -0.13859236240387, -2.15624380111694, 0.75906652212143, -0.12061809748411, 31.7422659788804, 0.53679326469032, 152.986770766096, 152.445123104536, 149.489194816673, 42.1568803687079, 170.767515364445, 163.191974971065, 157.466855767247, 155.31915742425
-1.96601593494415, 1.31147933006287, 0.07122203707695, -0.96217608451843, 0.15659725666046, 0.06825426220894, -1.68115997314453, 0.99284881353378, 0.15717798471451, 0.41482403874397, 1.98342704772949, -1.52501022815704, -2.13408732414246, 0.72499281167984, -0.01119175553322, 0.690425157547, -0.04162163287401, 3.06094169616699, -1.68550407886505, 0.94100296497345, 0.2863632440567, -1.66281187534332, 0.83593308925629, 0.24597755074501, -1.66799736022949, 0.81575852632523, 0.22533485293388, -1.68738985061646, 0.81731647253036, 0.1983907520771, -1.70309460163116, 0.8367760181427, 0.17671526968479, -2.03615593910217, 0.70382386445999, -0.10792335122824, -2.11528897285461, 0.71051096916199, -0.19086217880249, -2.13898468017578, 0.72425228357315, -0.20133650302887, -2.1563892364502, 0.74950474500656, -0.18853513896465, -2.16405701637268, 0.76686519384384, -0.16142515838146, -1.6892317533493, 0.95826494693756, 0.23095932602882, -1.66682362556458, 0.87988412380219, 0.23147457838058, -1.67209804058075, 0.86580967903137, 0.21113276481628, -1.68592512607574, 0.86703902482986, 0.18782386183739, -1.70058512687683, 0.87834161520004, 0.17019300162792, -2.07816290855408, 0.71904826164246, -0.07070641219616, -2.11170601844788, 0.71076768636703, -0.14454564452171, -2.13299632072449, 0.72349137067795, -0.14949834346771, -2.14899802207947, 0.74255496263504, -0.13870339095592, -2.15622329711914, 0.75922667980194, -0.12072107195854, 31.6780861063444, 0.5297616916615, 152.744640560019, 152.374731174949, 149.425250585663, 42.0976216474689, 171.260053965873, 163.621170398131, 157.830426736767, 155.524527552214
-1.96637141704559, 1.31164956092834, 0.07095751166344, -0.96117651462555, 0.15578591823578, 0.06956132501364, -1.68083882331848, 0.99270677566528, 0.15712714195251, 0.41984134912491, 1.98622441291809, -1.52198600769043, -2.13424277305603, 0.72512865066528, -0.01139256358147, 0.69028025865555, -0.04197685793042, 3.06130337715149, -1.68500602245331, 0.94160103797913, 0.28661280870438, -1.66243088245392, 0.83629077672958, 0.246791690588, -1.66765904426575, 0.81600141525269, 0.22627261281013, -1.68709301948547, 0.81741571426392, 0.1993505358696, -1.70282196998596, 0.83675932884216, 0.17758905887604, -2.03625154495239, 0.70400136709213, -0.10807257890701, -2.11533713340759, 0.71069866418839, -0.19105587899685, -2.13902878761292, 0.72443914413452, -0.20154033601284, -2.15644478797913, 0.74968540668488, -0.18874229490757, -2.16413116455078, 0.76703727245331, -0.16163209080696, -1.6888120174408, 0.95854860544205, 0.23111720383167, -1.66644299030304, 0.88016039133072, 0.2320444881916, -1.67175662517548, 0.86597287654877, 0.21179163455963, -1.68561971187592, 0.86707639694214, 0.18849782645702, -1.70030164718628, 0.87828576564789, 0.17082580924034, -2.07828259468079, 0.71920901536942, -0.07087609171867, -2.11178135871887, 0.71094340085983, -0.14473721385002, -2.13307070732117, 0.72366505861282, -0.14969888329506, -2.14908146858215, 0.74272322654724, -0.13890810310841, -2.15631985664368, 0.75938886404037, -0.12092550098896, 31.6096407806717, 0.51389532230212, 152.519380921192, 152.296020074954, 149.365131260588, 42.0468665117465, 171.541075269084, 163.920810797019, 158.139697702385, 155.833825838589
-1.96674060821533, 1.31194245815277, 0.07071420550346, -0.96027368307114, 0.15490268170834, 0.07042865455151, -1.68053030967712, 0.99257695674896, 0.15707886219025, 0.42458528280258, 1.98886752128601, -1.51910126209259, -2.13447570800781, 0.72524946928024, -0.01163902878761, 0.69015669822693, -0.04242011904716, 3.06164169311523, -1.68453288078308, 0.94217360019684, 0.2868447303772, -1.66206657886505, 0.83663868904114, 0.2475603222847, -1.66733455657959, 0.81624132394791, 0.22715881466866, -1.68680727481842, 0.8175196647644, 0.20025789737701, -1.70255863666534, 0.83675312995911, 0.17841520905495, -2.03641796112061, 0.70416009426117, -0.1082598567009, -2.11544966697693, 0.71086794137955, -0.19129352271557, -2.13913631439209, 0.72460788488388, -0.20179007947445, -2.15656399726868, 0.74984854459763, -0.18899707496166, -2.16427063941956, 0.7671924829483, -0.16188749670982, -1.68841183185577, 0.95882296562195, 0.23126398026943, -1.66607916355133, 0.88042992353439, 0.2325821518898, -1.67142927646637, 0.86613583564758, 0.21241404116154, -1.68532586097717, 0.86712020635605, 0.18913486599922, -1.70002830028534, 0.8782411813736, 0.17142397165298, -2.07847547531128, 0.71935260295868, -0.07108718901873, -2.11192440986633, 0.71110129356384, -0.14497244358063, -2.13321232795715, 0.72382140159607, -0.14994491636753, -2.14923286437988, 0.74287462234497, -0.13915981352329, -2.15648531913757, 0.75953471660614, -0.12117772549391, 31.526169038825, 0.49674268958381, 152.290432980213, 152.214795465344, 149.303946426003, 41.9919415455359, 171.841453328403, 164.230792102311, 158.448326630222, 156.138110766113
-1.9671174287796, 1.31227469444275, 0.07046994566917, -0.95898598432541, 0.1546702682972, 0.07077050954103, -1.68021106719971, 0.99244266748428, 0.15702664852142, 0.42929372191429, 1.99149322509766, -1.51621294021606, -2.134850025177, 0.72535669803619, -0.01198229193687, 0.69003427028656, -0.04304793849587, 3.06201767921448, -1.68405210971832, 0.94273889064789, 0.28706693649292, -1.66169273853302, 0.83698356151581, 0.24831792712212, -1.66699969768524, 0.81647956371307, 0.22803382575512, -1.68651032447815, 0.81762284040451, 0.20115426182747, -1.70228362083435, 0.83674645423889, 0.17923110723495, -2.036705493927, 0.7043080329895, -0.10852405428886, -2.11566638946533, 0.71102887392044, -0.19162429869175, -2.13934564590454, 0.72476863861084, -0.20213748514652, -2.15678787231445, 0.75000327825546, -0.18935240805149, -2.16452026367188, 0.76733845472336, -0.16224458813667, -1.68800258636475, 0.95909142494202, 0.23140317201614, -1.66570580005646, 0.88069570064545, 0.23311051726341, -1.67109155654907, 0.86629611253738, 0.21302711963654, -1.6850209236145, 0.86716222763062, 0.18976287543774, -1.69974339008331, 0.87819510698318, 0.17201352119446, -2.07879757881165, 0.71948426961899, -0.07138355076313, -2.11218118667603, 0.71124947071075, -0.14530013501644, -2.13346648216248, 0.72396814823151, -0.15028743445873, -2.14949893951416, 0.74301612377167, -0.13951079547405, -2.15676927566528, 0.75967013835907, -0.12153026461601, 31.4293715979076, 0.47824461632071, 152.055283227468, 152.130852440445, 149.241532157368, 41.9327921073236, 172.162294634475, 164.556797031396, 158.759769595996, 156.430470183346
-1.96750831604004, 1.31267619132996, 0.07024064660072, -0.95724189281464, 0.15560530126095, 0.07059147208929, -1.68032908439636, 0.99248158931732, 0.15691512823105, 0.4305345416069, 1.9928035736084, -1.51178765296936, -2.13568925857544, 0.72560226917267, -0.0125672519207, 0.68994843959808, -0.04484346136451, 3.06311249732971, -1.68439626693726, 0.9431517124176, 0.28709083795547, -1.66235113143921, 0.83721899986267, 0.24864766001701, -1.66771221160889, 0.8166755437851, 0.2284177094698, -1.68720471858978, 0.81780588626862, 0.20152458548546, -1.70290589332581, 0.83691823482513, 0.17953991889954, -2.03730201721191, 0.70464664697647, -0.10888171941042, -2.11605596542358, 0.71142768859863, -0.19217285513878, -2.13971090316772, 0.72517335414886, -0.20273351669312, -2.15718793869019, 0.75039517879486, -0.18997076153755, -2.16499018669128, 0.76770663261414, -0.1628677546978, -1.6882655620575, 0.95936191082001, 0.23137976229191, -1.66621768474579, 0.88090115785599, 0.2333167642355, -1.67163836956024, 0.86646294593811, 0.2132705450058, -1.6855525970459, 0.86730843782425, 0.18999648094177, -1.700230717659, 0.87833845615387, 0.17220865190029, -2.07948803901672, 0.71978658437729, -0.0718335211277, -2.11268663406372, 0.71160984039307, -0.14583997428417, -2.13396072387695, 0.72433006763458, -0.15086963772774, -2.15002250671387, 0.74336701631546, -0.1401170194149, -2.15733957290649, 0.76000505685806, -0.12214068323374, 31.3624425742306, 0.47048664200149, 151.921712048059, 152.058944208863, 149.172110114644, 41.8966774820871, 172.481496695146, 164.738329799156, 158.92555194753, 156.691014579426
-1.96784281730652, 1.31306314468384, 0.07000169157982, -0.9552549123764, 0.15699918568134, 0.07002544403076, -1.68046605587006, 0.99250078201294, 0.15678560733795, 0.43180805444717, 1.99417579174042, -1.50705945491791, -2.13668870925903, 0.72579193115234, -0.01324668526649, 0.68991762399673, -0.04738948866725, 3.06449413299561, -1.68477869033813, 0.94356590509415, 0.28710243105888, -1.66307044029236, 0.83744692802429, 0.24898242950439, -1.66848909854889, 0.81686276197433, 0.22880935668945, -1.68796157836914, 0.81798058748245, 0.20190116763115, -1.70358455181122, 0.8370817899704, 0.17985118925571, -2.03797030448914, 0.70494639873505, -0.10924579203129, -2.11643934249878, 0.71180981397629, -0.19279895722866, -2.14005899429321, 0.72556489706039, -0.20342594385147, -2.15758180618286, 0.75077176094055, -0.19069631397724, -2.16547799110413, 0.76805377006531, -0.16360183060169, -1.68855953216553, 0.9596261382103, 0.23134186863899, -1.66677939891815, 0.88109701871872, 0.23352161049843, -1.67223715782166, 0.86661863327026, 0.21351435780525, -1.6861344575882, 0.86744338274002, 0.19022946059704, -1.70076429843903, 0.87847107648849, 0.17240053415298, -2.08028435707092, 0.72004359960556, -0.07232624292374, -2.11322855949402, 0.71194297075272, -0.14645463228226, -2.13448643684387, 0.72466689348221, -0.15154360234737, -2.15058636665344, 0.74369120597839, -0.14082583785057, -2.15796637535095, 0.76030951738358, -0.12285699695349, 31.2945743995428, 0.46302690148907, 151.786679208168, 151.986544203661, 149.100939543492, 41.8601462153113, 172.808867662065, 164.926200982467, 159.111059885388, 156.973347278957
-1.96816658973694, 1.31343519687653, 0.06973853707314, -0.95356625318527, 0.15818350017071, 0.06900157034397, -1.68112528324127, 0.99232774972916, 0.15653723478317, 0.43293967843056, 1.99625968933105, -1.50003886222839, -2.13784122467041, 0.7262601852417, -0.01409015059471, 0.68951421976089, -0.05026561021805, 3.06419157981873, -1.68580985069275, 0.94389367103577, 0.28702819347382, -1.66463673114777, 0.83752155303955, 0.2493150383234, -1.67014825344086, 0.81689292192459, 0.22921261191368, -1.68959164619446, 0.81801629066467, 0.20228363573551, -1.70509362220764, 0.83711987733841, 0.18015044927597, -2.03885746002197, 0.70542907714844, -0.10981871932745, -2.11710453033447, 0.71224069595337, -0.19358387589455, -2.14070105552673, 0.72598385810852, -0.20427770912647, -2.15826773643494, 0.7511870265007, -0.19160152971745, -2.16624355316162, 0.76847279071808, -0.16453269124031, -1.68945753574371, 0.95976978540421, 0.23120607435703, -1.66809940338135, 0.88113391399384, 0.23369160294533, -1.67361736297607, 0.8666118979454, 0.2137326747179, -1.68749034404755, 0.86742562055588, 0.19043286144733, -1.70204591751099, 0.87846595048904, 0.17255106568336, -2.08127641677856, 0.72051906585693, -0.07301667332649, -2.114018201828, 0.71238678693771, -0.14723114669323, -2.13526725769043, 0.7251011133194, -0.15238037705421, -2.15140342712402, 0.74412178993225, -0.14171068370342, -2.15883827209473, 0.76074177026749, -0.12376590073109, 31.1316129161354, 0.44902917583707, 151.642507575167, 151.922039897139, 149.027064217429, 41.8197319859923, 173.041408282547, 165.044404236243, 159.241871668372, 157.3663563638
-1.96845471858978, 1.31375980377197, 0.06939890980721, -0.95208323001862, 0.15842235088348, 0.06860758364201, -1.68197393417358, 0.99204748868942, 0.15622621774673, 0.43413406610489, 1.9985876083374, -1.49212634563446, -2.13900923728943, 0.72663915157318, -0.01490047574043, 0.68912959098816, -0.05330684408545, 3.06369876861572, -1.68707954883575, 0.94417297840118, 0.28690776228905, -1.66651272773743, 0.83752262592316, 0.24964769184589, -1.67212903499603, 0.81684613227844, 0.22962354123592, -1.69153881072998, 0.81797754764557, 0.20267063379288, -1.70690333843231, 0.83708441257477, 0.18044453859329, -2.03975701332092, 0.705806016922, -0.11035034060478, -2.11777782440186, 0.71255558729172, -0.19433134794235, -2.14135003089905, 0.7262858748436, -0.20509499311447, -2.15896058082581, 0.75148767232895, -0.19247686862946, -2.16701650619507, 0.76878136396408, -0.16543680429459, -1.69057631492615, 0.95984399318695, 0.23101805150509, -1.66969621181488, 0.88109129667282, 0.23384401202202, -1.67528223991394, 0.86652189493179, 0.21393859386444, -1.68912720680237, 0.86732470989227, 0.19062170386314, -1.70359814167023, 0.87838011980057, 0.17268061637878, -2.08228182792664, 0.72089517116547, -0.07367018610239, -2.11481809616089, 0.71272134780884, -0.14797042310238, -2.13605761528015, 0.72542583942413, -0.15318268537521, -2.15222978591919, 0.74444484710693, -0.14256465435028, -2.15971946716309, 0.76106929779053, -0.12464688718319, 30.9672034326241, 0.43437970072786, 151.491819941699, 151.858191288778, 148.951426702561, 41.7784230018921, 173.286407168076, 165.163249527801, 159.377205036587, 157.747180391163
-1.96871268749237, 1.31412744522095, 0.06904754042625, -0.95087605714798, 0.15801112353802, 0.06936421990395, -1.68261754512787, 0.99202865362167, 0.15591078996658, 0.43567678332329, 2.000727891922, -1.48439145088196, -2.1399838924408, 0.72649830579758, -0.01591262221336, 0.68874752521515, -0.05496364086866, 3.06421542167664, -1.68814253807068, 0.94474965333939, 0.28679192066193, -1.66814696788788, 0.83782297372818, 0.25001585483551, -1.67385971546173, 0.81709265708923, 0.23007482290268, -1.69323289394379, 0.81821888685226, 0.20309536159039, -1.70846283435822, 0.83731722831726, 0.1807696223259, -2.04053401947021, 0.70574116706848, -0.11117309331894, -2.11839079856873, 0.71249109506607, -0.19530630111694, -2.14194703102112, 0.72621595859528, -0.20611153542995, -2.159592628479, 0.75140589475632, -0.19351890683174, -2.16770911216736, 0.76868611574173, -0.16648837924004, -1.69148731231689, 0.96019870042801, 0.2308311611414, -1.67106282711029, 0.88134044408798, 0.23402068018913, -1.67671048641205, 0.86671739816666, 0.2141720354557, -1.69052469730377, 0.86749887466431, 0.19083623588085, -1.70491218566895, 0.87855935096741, 0.17283123731613, -2.08313751220703, 0.72079938650131, -0.07457174360752, -2.11552286148071, 0.71264052391052, -0.14893953502178, -2.13675737380981, 0.72533845901489, -0.15418915450573, -2.15295815467834, 0.74434697628021, -0.1435960829258, -2.16049003601074, 0.76096159219742, -0.12568694353104, 30.8783085205763, 0.42223146223705, 151.368152536586, 151.786433321358, 148.863412884916, 41.736997904576, 173.40339464818, 165.256754817539, 159.495408290363, 158.160038005734
-1.96895742416382, 1.31441831588745, 0.06872615218163, -0.9495661854744, 0.15757875144482, 0.07031621038914, -1.68321311473846, 0.99205029010773, 0.15560877323151, 0.43718421459198, 2.00286197662354, -1.47662031650543, -2.14093351364136, 0.72630935907364, -0.01686033606529, 0.68839371204376, -0.05652739107609, 3.06468677520752, -1.68915987014771, 0.94536912441254, 0.28668585419655, -1.66973996162415, 0.8381712436676, 0.25039410591125, -1.67554950714111, 0.81738841533661, 0.23053595423698, -1.69488513469696, 0.81850987672806, 0.20352935791016, -1.7099791765213, 0.83759921789169, 0.18110385537148, -2.04129862785339, 0.70562213659286, -0.11194244772196, -2.11900091171265, 0.71237194538116, -0.19621826708317, -2.14254212379456, 0.72609168291092, -0.20706267654896, -2.16022062301636, 0.75127077102661, -0.19449432194233, -2.16839408874512, 0.76853859424591, -0.16747300326824, -1.69235181808472, 0.96059560775757, 0.23065520823002, -1.67238640785217, 0.88163542747498, 0.23420821130276, -1.67809569835663, 0.86695963144302, 0.21441619098186, -1.6918785572052, 0.86772000789642, 0.1910611987114, -1.70618140697479, 0.87878555059433, 0.17299199104309, -2.08397579193115, 0.72065186500549, -0.07541538774967, -2.11621952056885, 0.71250647306442, -0.14984619617462, -2.13744902610779, 0.72519826889038, -0.15513101220131, -2.15367650985718, 0.7441970705986, -0.14456161856651, -2.16124796867371, 0.76080274581909, -0.12666085362434, 30.7899770991351, 0.40995531778186, 151.245386716445, 151.714019655777, 148.772161557605, 41.694896618532, 173.536733601157, 165.346913314583, 159.614130638516, 158.541517731257
-1.96914458274841, 1.31472706794739, 0.06837913393974, -0.9481555223465, 0.15751637518406, 0.07073690742254, -1.68377554416656, 0.99209582805634, 0.15531581640244, 0.43864423036575, 2.00497078895569, -1.46889638900757, -2.14186382293701, 0.72608172893524, -0.01775977015495, 0.68805193901062, -0.05806361138821, 3.06513547897339, -1.69014132022858, 0.94600892066956, 0.28658336400986, -1.67129504680634, 0.838547706604, 0.25077128410339, -1.67720091342926, 0.81771397590637, 0.23099495470524, -1.69649851322174, 0.8188311457634, 0.2039610594511, -1.71145689487457, 0.83791089057922, 0.1814366877079, -2.04204845428467, 0.7054615020752, -0.11266700923443, -2.11959958076477, 0.71221083402634, -0.19708196818829, -2.14312601089478, 0.72592562437057, -0.20796476304531, -2.16083645820618, 0.75109422206879, -0.19542041420937, -2.16906523704529, 0.76835030317307, -0.16840842366219, -1.69318115711212, 0.96101433038712, 0.23048467934132, -1.67367339134216, 0.88195687532425, 0.23439738154411, -1.67944395542145, 0.86722981929779, 0.21466130018234, -1.69319534301758, 0.86796963214874, 0.19128704071045, -1.70741355419159, 0.87903982400894, 0.17315404117107, -2.08479762077332, 0.72046387195587, -0.07621283829212, -2.11690282821655, 0.71233123540878, -0.15070487558842, -2.13812708854675, 0.72501707077026, -0.15602421760559, -2.15438079833984, 0.7440065741539, -0.14547820389271, -2.16199088096619, 0.7606036067009, -0.12758582830429, 30.6960210169125, 0.39752117184127, 151.123399537868, 151.640936631658, 148.677741022518, 41.6521225588548, 173.691519348127, 165.43391626423, 159.733358420668, 158.899037153172
-1.96916627883911, 1.31507563591003, 0.06794354319572, -0.9469810128212, 0.15642708539963, 0.07151877880096, -1.68448233604431, 0.99190479516983, 0.15480208396912, 0.43666884303093, 2.00521349906921, -1.46569287776947, -2.14261484146118, 0.72625458240509, -0.01816472411156, 0.68797260522842, -0.05914732813835, 3.06537938117981, -1.69115424156189, 0.94576555490494, 0.28603604435921, -1.67264020442963, 0.83826005458832, 0.25018340349197, -1.67859613895416, 0.817458152771, 0.23038855195045, -1.69785952568054, 0.81865751743317, 0.20333382487297, -1.71272659301758, 0.83780181407928, 0.18080374598503, -2.04268026351929, 0.70566076040268, -0.11295205354691, -2.12012720108032, 0.71241861581802, -0.19746175408363, -2.14364147186279, 0.72613328695297, -0.20837116241455, -2.16136956214905, 0.75129795074463, -0.19584411382675, -2.16963338851929, 0.76854830980301, -0.16883917152882, -1.69407939910889, 0.96081328392029, 0.22994258999825, -1.67484986782074, 0.88168650865555, 0.23383170366287, -1.68064939975739, 0.86699080467224, 0.21408078074455, -1.69437205791473, 0.86779153347015, 0.19069166481495, -1.70853161811829, 0.87892121076584, 0.17254917323589, -2.08547568321228, 0.72065258026123, -0.07654809951782, -2.11748790740967, 0.71253073215485, -0.15108133852482, -2.13870668411255, 0.72521561384201, -0.15642462670803, -2.15497517585754, 0.74420171976089, -0.14589527249336, -2.16260886192322, 0.76079481840134, -0.1280092895031, 30.6308029556226, 0.38391599530356, 150.993830849313, 151.559998889994, 148.583661996891, 41.5675306659842, 173.749029540939, 165.491481098555, 159.826508540568, 159.163406455187
-1.96910762786865, 1.3155255317688, 0.06746980547905, -0.94616711139679, 0.15409815311432, 0.07264932990074, -1.68520164489746, 0.99169373512268, 0.15428441762924, 0.4347770512104, 2.00539302825928, -1.46279692649841, -2.14333248138428, 0.72637987136841, -0.01854482293129, 0.68792110681534, -0.06010720878839, 3.06558012962341, -1.69215703010559, 0.94549596309662, 0.2854830622673, -1.67394733428955, 0.83795404434204, 0.24958391487598, -1.67994868755341, 0.81718325614929, 0.22977015376091, -1.6991800069809, 0.81846034526825, 0.20269609987736, -1.71396255493164, 0.83766543865204, 0.18016228079796, -2.04329347610474, 0.70580649375916, -0.11322654783726, -2.12064909934998, 0.71257245540619, -0.19781939685345, -2.14415216445923, 0.72628736495972, -0.20875228941441, -2.16189551353455, 0.75144904851913, -0.19624073803425, -2.17018985748291, 0.76869487762451, -0.16924215853214, -1.69497585296631, 0.96058714389801, 0.22939583659172, -1.67600202560425, 0.88139724731445, 0.23325651884079, -1.68182754516602, 0.86673206090927, 0.21349057555199, -1.69552314281464, 0.86759066581726, 0.19008766114712, -1.70962834358215, 0.87877631187439, 0.17193725705147, -2.08612966537476, 0.72079020738602, -0.07686688005924, -2.11806011199951, 0.71267771720886, -0.15143612027168, -2.13927388191223, 0.72536212205887, -0.15680055320263, -2.15555500984192, 0.74434566497803, -0.14628601074219, -2.1632091999054, 0.7609356045723, -0.12840583920479, 30.5652672905363, 0.37003470303256, 150.863866009786, 151.477503865198, 148.487096782405, 41.4119150510292, 173.802195733438, 165.542570913547, 159.916598735721, 159.429920436601
-1.96912693977356, 1.31607580184937, 0.06709185242653, -0.94548636674881, 0.15044674277306, 0.07431188225746, -1.68562543392181, 0.99161440134048, 0.15401273965836, 0.43289169669151, 2.00513243675232, -1.46090304851532, -2.14364624023438, 0.72645372152328, -0.01895037293434, 0.68797326087952, -0.06105877831578, 3.06516528129578, -1.69282829761505, 0.94530385732651, 0.28515827655792, -1.67483353614807, 0.83775478601456, 0.24917210638523, -1.68086266517639, 0.81701773405075, 0.22933149337769, -1.70006227493286, 0.81836670637131, 0.20223844051361, -1.71477591991425, 0.8376287817955, 0.1797080039978, -2.04354357719421, 0.70584321022034, -0.11355671286583, -2.12084054946899, 0.71258789300919, -0.19820493459702, -2.1443350315094, 0.72630101442337, -0.20915833115578, -2.16208529472351, 0.75146794319153, -0.19666695594788, -2.17039680480957, 0.76872289180756, -0.16967956721783, -1.69555222988129, 0.96045684814453, 0.22908303141594, -1.67676877975464, 0.881218791008, 0.23288547992706, -1.68260776996613, 0.86658680438995, 0.21309891343117, -1.69627666473389, 0.86750072240829, 0.18968242406845, -1.7103363275528, 0.878737449646, 0.17152819037437, -2.08640360832214, 0.72084152698517, -0.07723127305508, -2.11828351020813, 0.71270763874054, -0.15181989967823, -2.13949275016785, 0.72539192438126, -0.15720295906067, -2.15577960014343, 0.74437993764877, -0.14670562744141, -2.16344499588013, 0.76097601652145, -0.12883597612381, 30.500110700949, 0.3538068672557, 150.731660868211, 151.402672312652, 148.400858813944, 41.2048442059619, 173.853053321998, 165.581284425763, 159.99972213792, 159.697226719958
-1.96914851665497, 1.31674122810364, 0.06683006882668, -0.94463294744492, 0.14520809054375, 0.076730042696, -1.68599855899811, 0.99156498908997, 0.15376448631287, 0.4308602809906, 2.00481128692627, -1.45898187160492, -2.14396142959595, 0.72650623321533, -0.01933607459068, 0.68804448843002, -0.06201307475567, 3.06468605995178, -1.69346189498901, 0.94512689113617, 0.28485032916069, -1.6756888628006, 0.83757424354553, 0.24876502156258, -1.68174612522125, 0.81687390804291, 0.2288946211338, -1.70091187953949, 0.81829971075058, 0.20178152620792, -1.71555304527283, 0.8376225233078, 0.17925597727299, -2.04379916191101, 0.70585179328918, -0.11386980116367, -2.12104058265686, 0.71257281303406, -0.19857068359852, -2.144526720047, 0.7262841463089, -0.20954436063766, -2.16228270530701, 0.75145727396011, -0.19707369804382, -2.17060995101929, 0.76872283220291, -0.17009803652763, -1.69608581066132, 0.96034860610962, 0.22878892719746, -1.67749977111816, 0.88106083869934, 0.2325245141983, -1.68335223197937, 0.86646509170532, 0.21271514892578, -1.69699227809906, 0.86743819713593, 0.18928433954716, -1.71100413799286, 0.87872928380966, 0.17112681269646, -2.0866813659668, 0.720867395401, -0.07757770270109, -2.11851358413696, 0.71270924806595, -0.15218405425549, -2.1397180557251, 0.72539353370667, -0.15758553147316, -2.15601015090942, 0.74438691139221, -0.14710572361946, -2.16368532180786, 0.76099026203156, -0.12924712896347, 30.4347492056865, 0.33701900932775, 150.598827349233, 151.327676835565, 148.314142732242, 40.9883784356913, 173.900072344245, 165.613058465782, 160.079416785156, 159.969997154652
-1.96895790100098, 1.31757688522339, 0.06662556529045, -0.9435111284256, 0.13917620480061, 0.08062374591827, -1.68635642528534, 0.99153411388397, 0.15351861715317, 0.42859348654747, 2.00441598892212, -1.45694434642792, -2.14430379867554, 0.72654581069946, -0.01973643898964, 0.68814384937286, -0.06310250610113, 3.0640766620636, -1.69410538673401, 0.944948554039, 0.28453552722931, -1.67657053470612, 0.8373955488205, 0.24833472073078, -1.68265759944916, 0.81673669815063, 0.22843034565449, -1.7017856836319, 0.8182475566864, 0.20129528641701, -1.71634781360626, 0.83763766288757, 0.17877632379532, -2.04407787322998, 0.70583468675613, -0.11419018357992, -2.12125873565674, 0.71252638101578, -0.19894841313362, -2.14473533630371, 0.72623562812805, -0.20994493365288, -2.16249680519104, 0.75141680240631, -0.19749842584133, -2.17084097862244, 0.76869595050812, -0.17053662240505, -1.69661939144135, 0.96024870872498, 0.22849044203758, -1.67824673652649, 0.88090753555298, 0.23214764893055, -1.68411290645599, 0.86635255813599, 0.21231237053871, -1.69772124290466, 0.86739146709442, 0.18886588513851, -1.71168053150177, 0.87874257564545, 0.17070543766022, -2.0869836807251, 0.7208725810051, -0.07793518900871, -2.11876440048218, 0.71268397569656, -0.15256009995937, -2.13996338844299, 0.72536849975586, -0.15798233449459, -2.15626049041748, 0.7443687915802, -0.14752277731895, -2.1639461517334, 0.76098144054413, -0.12967726588249, 30.3691793896544, 0.31970007751141, 150.465433754742, 151.25258573583, 148.226962197676, 40.7697338350754, 173.943416724718, 165.638125260036, 160.155764639698, 160.245923136742
-1.96855628490448, 1.3186457157135, 0.06650558114052, -0.9426195025444, 0.13280972838402, 0.08445478230715, -1.68658924102783, 0.99153560400009, 0.15331131219864, 0.42551130056381, 2.0038480758667, -1.4552104473114, -2.14448070526123, 0.72688013315201, -0.02044370770454, 0.68807619810104, -0.06354796886444, 3.06342053413391, -1.69463396072388, 0.94469201564789, 0.28421837091446, -1.67734563350677, 0.83716905117035, 0.24781039357185, -1.68346333503723, 0.81656932830811, 0.22785411775112, -1.70255219936371, 0.81819027662277, 0.20069785416126, -1.71703243255615, 0.83766800165176, 0.17820167541504, -2.04425144195557, 0.70612442493439, -0.11488400399685, -2.12142992019653, 0.71277010440826, -0.1996478587389, -2.14490675926209, 0.7264729142189, -0.21065203845501, -2.16266965866089, 0.75165981054306, -0.19821888208389, -2.17101526260376, 0.76895236968994, -0.17126613855362, -1.6970340013504, 0.9601184129715, 0.22820290923119, -1.67888236045837, 0.88071984052658, 0.23171415925026, -1.68476259708405, 0.86622321605682, 0.21184033155441, -1.69833779335022, 0.86734932661057, 0.18837867677212, -1.71224284172058, 0.87877720594406, 0.17022462189198, -2.08715867996216, 0.72117924690247, -0.07863791286945, -2.11893701553345, 0.71295148134232, -0.15325953066349, -2.14013648033142, 0.72563242912292, -0.15868885815144, -2.15643429756165, 0.74463748931885, -0.14823946356773, -2.16412115097046, 0.7612589597702, -0.13040265440941, 30.3259716129649, 0.30991671197943, 150.343446576166, 151.180595541978, 148.134850266529, 40.6684626202517, 173.993686917009, 165.653178996966, 160.224968116369, 160.437591905231
-1.96787059307098, 1.32007646560669, 0.06646582484245, -0.94218367338181, 0.1251658052206, 0.08931216597557, -1.68681216239929, 0.99155187606812, 0.15310519933701, 0.42207959294319, 2.00318360328674, -1.45339345932007, -2.14469814300537, 0.72724306583405, -0.02125051617622, 0.68800312280655, -0.06396873295307, 3.06268072128296, -1.69517993927002, 0.94441568851471, 0.28388690948486, -1.67815637588501, 0.83693069219589, 0.24724289774895, -1.68430626392365, 0.81639742851257, 0.22722816467285, -1.7033519744873, 0.81814020872116, 0.20004905760288, -1.71774291992188, 0.83771485090256, 0.17757979035378, -2.04447269439697, 0.70643669366837, -0.11568377912045, -2.12165570259094, 0.71303081512451, -0.20044766366482, -2.14513349533081, 0.72672641277313, -0.21145856380463, -2.16289663314819, 0.75191986560822, -0.19903902709484, -2.17124152183533, 0.76922762393951, -0.17209583520889, -1.69745528697968, 0.95998454093933, 0.22790566086769, -1.67954218387604, 0.8805245757103, 0.2312500923872, -1.68543684482574, 0.86609351634979, 0.21133291721344, -1.69897556304932, 0.86731630563736, 0.18785499036312, -1.71282112598419, 0.87882888317108, 0.16970910131931, -2.08737874031067, 0.72151082754135, -0.07944425195456, -2.11916041374207, 0.71323895454407, -0.15405957400799, -2.14036059379578, 0.72591602802277, -0.15949514508247, -2.15665864944458, 0.74492651224136, -0.14905588328838, -2.16434526443481, 0.7615579366684, -0.13122826814651, 30.2853661383492, 0.30063240382412, 150.222238039155, 151.108769272666, 148.041618184358, 40.5552693102316, 174.041921712927, 165.66153914851, 160.290660875806, 160.63880927818
-1.9670215845108, 1.32185506820679, 0.06653651595116, -0.94191038608551, 0.11676409840584, 0.09503715485334, -1.68698179721832, 0.99146598577499, 0.15298277139664, 0.41765558719635, 2.00164437294006, -1.45446991920471, -2.14451169967651, 0.72790890932083, -0.02273139357567, 0.68805319070816, -0.06455690413713, 3.06173253059387, -1.69553875923157, 0.94375908374786, 0.28354513645172, -1.67857754230499, 0.83642113208771, 0.24644401669502, -1.68472504615784, 0.81598258018494, 0.2263318002224, -1.70373904705048, 0.81786406040192, 0.19913975894451, -1.71808660030365, 0.8375518321991, 0.17674162983894, -2.04428958892822, 0.70702409744263, -0.11715088039637, -2.12147307395935, 0.71356403827667, -0.20191845297813, -2.1449499130249, 0.72725391387939, -0.2129390090704, -2.16271018981934, 0.75245803594589, -0.2005375623703, -2.17105317115784, 0.76978623867035, -0.17360682785511, -1.69773757457733, 0.95957791805267, 0.22763092815876, -1.67990410327911, 0.88008671998978, 0.23064298927784, -1.68579065799713, 0.86574965715408, 0.21065562963486, -1.69930219650269, 0.86708945035934, 0.18716847896576, -1.71311676502228, 0.87869560718536, 0.16905856132507, -2.08719372749329, 0.72212874889374, -0.08092173933983, -2.11897730827332, 0.71380567550659, -0.15553057193756, -2.14017605781555, 0.72648084163666, -0.16097508370876, -2.15647220611572, 0.74550050497055, -0.15054942667484, -2.16415691375732, 0.76214563846588, -0.13273380696774, 30.2511810415533, 0.2842041446838, 150.120331616738, 151.041464588585, 147.960407235127, 40.5017889290304, 174.087779603015, 165.660432657865, 160.358211446697, 160.906552693644
-1.96598851680756, 1.32388019561768, 0.06670346856117, -0.94046080112457, 0.10849417746067, 0.10095077753067, -1.68715929985046, 0.99136173725128, 0.15285533666611, 0.412573158741, 1.99983704090118, -1.45593512058258, -2.14433646202087, 0.7285840511322, -0.02426001429558, 0.68813019990921, -0.06526919454336, 3.06047868728638, -1.69591808319092, 0.94298714399338, 0.28315836191177, -1.67900788784027, 0.83582746982574, 0.24552245438099, -1.68514919281006, 0.81549894809723, 0.22529721260071, -1.70412838459015, 0.81753832101822, 0.19809220731258, -1.71843099594116, 0.83735477924347, 0.17577895522118, -2.04412508010864, 0.70759445428848, -0.118667781353, -2.12131500244141, 0.71406364440918, -0.20343515276909, -2.14479064941406, 0.72774618864059, -0.21446691453457, -2.16254663467407, 0.75296479463577, -0.20208820700645, -2.17088460922241, 0.77031999826431, -0.17517346143723, -1.6980345249176, 0.9590972661972, 0.22732423245907, -1.6802761554718, 0.87957549095154, 0.22994619607925, -1.68615114688873, 0.86534744501114, 0.20987769961357, -1.6996328830719, 0.86682099103928, 0.18638142943382, -1.71341490745544, 0.878533244133, 0.16831512749195, -2.08702421188354, 0.72273993492126, -0.08244958519936, -2.11881518363953, 0.71434956789017, -0.15704773366451, -2.14001274108887, 0.72702246904373, -0.16250266134739, -2.15630531311035, 0.74605441093445, -0.15209393203259, -2.16398620605469, 0.76271778345108, -0.13429367542267, 30.219994397803, 0.26721781106353, 150.021799307772, 150.974965866825, 147.880015908596, 40.4481309629108, 174.131629417486, 165.652632581833, 160.423180206082, 161.175238675214
-1.96488535404205, 1.32613348960876, 0.0670607984066, -0.93756276369095, 0.10115569829941, 0.10652901977301, -1.68734622001648, 0.99123853445053, 0.15272301435471, 0.40697199106216, 1.99781513214111, -1.45775771141052, -2.14418888092041, 0.729212641716, -0.02567937970161, 0.6882563829422, -0.06624308973551, 3.05862903594971, -1.69631290435791, 0.94211745262146, 0.28273230791092, -1.67943966388702, 0.83516383171082, 0.24449846148491, -1.68557095527649, 0.81495773792267, 0.22414791584015, -1.70451307296753, 0.81716990470886, 0.19693067669868, -1.71877086162567, 0.83712673187256, 0.1747140288353, -2.04400110244751, 0.70806723833084, -0.12007742375135, -2.12120652198792, 0.71443325281143, -0.20483836531639, -2.14468145370483, 0.72810536623001, -0.21588477492332, -2.16242933273315, 0.75334531068802, -0.20353826880455, -2.17075824737549, 0.77074056863785, -0.17664647102356, -1.69834399223328, 0.95855230093002, 0.22698971629143, -1.6806526184082, 0.87900233268738, 0.22917413711548, -1.68651294708252, 0.86489546298981, 0.20901602506638, -1.69996297359467, 0.86651593446732, 0.18551126122475, -1.71371221542358, 0.87834370136261, 0.16749526560307, -2.08688950538635, 0.72327345609665, -0.08387210965157, -2.11869740486145, 0.7147843837738, -0.15845189988613, -2.13989329338074, 0.72745418548584, -0.16392052173615, -2.15617942810059, 0.74650448560715, -0.1535355001688, -2.16385316848755, 0.76319468021393, -0.13575732707977, 30.1917242448283, 0.24965627412951, 149.926559149985, 150.909286767767, 147.800444204765, 40.3943295628186, 174.173525797855, 165.638425788359, 160.485608135096, 161.43820095826
-1.96368801593781, 1.32859969139099, 0.06747022271156, -0.93372857570648, 0.09542504698038, 0.11046283692122, -1.68747460842133, 0.99112671613693, 0.15271723270416, 0.40383020043373, 1.9969003200531, -1.45804286003113, -2.14350318908691, 0.73020797967911, -0.02653166651726, 0.68983334302902, -0.07326398789883, 3.05203676223755, -1.69659781455994, 0.94162952899933, 0.28257289528847, -1.679807305336, 0.83477199077606, 0.24403516948223, -1.68594360351563, 0.81463289260864, 0.22361981868744, -1.70486152172089, 0.81694602966309, 0.19639408588409, -1.71908032894135, 0.83698379993439, 0.17422541975975, -2.04309034347534, 0.7084014415741, -0.12053925544024, -2.12004351615906, 0.71449452638626, -0.2055492401123, -2.14346075057983, 0.72815656661987, -0.21672986447811, -2.16119456291199, 0.75349164009094, -0.20455911755562, -2.16956567764282, 0.77103620767593, -0.17777770757675, -1.69856667518616, 0.95823186635971, 0.22687771916389, -1.68096137046814, 0.87865704298019, 0.22884011268616, -1.68682050704956, 0.86461627483368, 0.20863552391529, -1.70024991035461, 0.86632078886032, 0.18512490391731, -1.7139720916748, 0.87821662425995, 0.16713309288025, -2.08605122566223, 0.72386968135834, -0.0845315605402, -2.11766481399536, 0.71507126092911, -0.15915817022324, -2.13882064819336, 0.72775441408157, -0.16474963724613, -2.15509915351868, 0.74688732624054, -0.15450550615788, -2.16279077529907, 0.7636803984642, -0.13683222234249, 30.1550188082287, 0.23589589755117, 149.833204124409, 150.841763517632, 147.730352803503, 40.3328681055723, 174.245270104897, 165.624915674181, 160.552462026692, 161.624733424493
-1.9622757434845, 1.33124542236328, 0.06785723567009, -0.92855751514435, 0.09030048549175, 0.11323581635952, -1.68760538101196, 0.99100244045258, 0.15272068977356, 0.40100833773613, 1.99606478214264, -1.45838677883148, -2.14293718338013, 0.73116821050644, -0.02729263901711, 0.69196665287018, -0.08268544822931, 3.0432026386261, -1.69686317443848, 0.94116282463074, 0.28243577480316, -1.68013918399811, 0.83439499139786, 0.24362131953239, -1.68627882003784, 0.81431651115417, 0.22314736247063, -1.70517563819885, 0.81671971082687, 0.19591476023197, -1.71936118602753, 0.83682978153229, 0.17379033565521, -2.04222798347473, 0.70847374200821, -0.12077157944441, -2.11884260177612, 0.71420687437057, -0.2061118632555, -2.14218068122864, 0.72785645723343, -0.21747155487537, -2.15989255905151, 0.75331836938858, -0.20553620159626, -2.16831827163696, 0.77106213569641, -0.17890346050262, -1.6987783908844, 0.95791721343994, 0.22678428888321, -1.68124413490295, 0.87832194566727, 0.22854405641556, -1.68710136413574, 0.86434096097946, 0.20829752087593, -1.70051276683807, 0.86612075567245, 0.18478219211102, -1.71421194076538, 0.87807714939117, 0.16681298613548, -2.08528351783752, 0.72429382801056, -0.0850305557251, -2.11663770675659, 0.71508473157883, -0.15971691906452, -2.13773822784424, 0.72778648138046, -0.16547256708145, -2.15400433540344, 0.74702978134155, -0.15541718900204, -2.16171789169312, 0.76395988464355, -0.13788475096226, 30.1196179377605, 0.22214105716131, 149.74275875942, 150.774663739226, 147.662119213694, 40.2703377237208, 174.32975954493, 165.606282918125, 160.617799616293, 161.815828457091
-1.96054267883301, 1.33411753177643, 0.06826695799828, -0.92429161071777, 0.08322332054377, 0.1166302934289, -1.6878035068512, 0.99086445569992, 0.15270102024078, 0.40027520060539, 1.99553191661835, -1.45833837985992, -2.14153289794922, 0.73265320062637, -0.02832964062691, 0.69697940349579, -0.10052268952131, 3.03000617027283, -1.69714999198914, 0.94094377756119, 0.28237855434418, -1.68044114112854, 0.83419549465179, 0.24350398778915, -1.68657636642456, 0.81413245201111, 0.22301359474659, -1.70545732975006, 0.81655979156494, 0.19577214121819, -1.71962380409241, 0.83668911457062, 0.17365296185017, -2.04009008407593, 0.70846498012543, -0.12063333392143, -2.11586666107178, 0.71382284164429, -0.20674268901348, -2.13901567459106, 0.72749882936478, -0.21845236420631, -2.15668630599976, 0.75317853689194, -0.20692965388298, -2.16525483131409, 0.77122807502747, -0.18054921925068, -1.69902873039246, 0.95773500204086, 0.22673693299294, -1.68152272701263, 0.87813258171082, 0.22845464944839, -1.68737351894379, 0.86416673660278, 0.20819582045078, -1.70077133178711, 0.86596643924713, 0.18467426300049, -1.71445643901825, 0.87793916463852, 0.16670526564121, -2.08338308334351, 0.72488248348236, -0.0854531750083, -2.11409115791321, 0.71513617038727, -0.16033960878849, -2.13506078720093, 0.72790539264679, -0.16641555726528, -2.15130519866943, 0.74734026193619, -0.15669928491116, -2.15908145904541, 0.76448404788971, -0.13940379023552, 30.0849035013039, 0.20365688440039, 149.672735660049, 150.732016038048, 147.628145852762, 40.1064200138297, 174.398457587602, 165.602485332946, 160.701305509085, 162.016977528148
-1.95844995975494, 1.33737874031067, 0.06876918673515, -0.92161965370178, 0.07503128796816, 0.11945705115795, -1.6880499124527, 0.99068313837051, 0.15269690752029, 0.39982706308365, 1.99517703056335, -1.45832121372223, -2.14024567604065, 0.73410302400589, -0.02936825156212, 0.70209777355194, -0.1191330999136, 3.01632213592529, -1.69745314121246, 0.94071221351624, 0.28235101699829, -1.68075156211853, 0.83397626876831, 0.24343958497047, -1.68688333034515, 0.8139226436615, 0.22293891012669, -1.70575392246246, 0.81636470556259, 0.19569160044193, -1.71990847587585, 0.83650571107864, 0.17357540130615, -2.03805994987488, 0.70837724208832, -0.12042846530676, -2.11295652389526, 0.71335309743881, -0.20732696354389, -2.13590359687805, 0.72705572843552, -0.21939730644226, -2.15352439880371, 0.75295686721802, -0.20830145478249, -2.16223669052124, 0.77131867408752, -0.18218496441841, -1.69930839538574, 0.95752614736557, 0.22671543061733, -1.68181896209717, 0.87791961431503, 0.22840750217438, -1.68766522407532, 0.86396300792694, 0.20814093947411, -1.70105421543121, 0.86577481031418, 0.18461525440216, -1.71473038196564, 0.87775754928589, 0.1666461378336, -2.08159065246582, 0.72540891170502, -0.0858383923769, -2.11162614822388, 0.71511363983154, -0.1609238088131, -2.13245487213135, 0.72795176506042, -0.1673306375742, -2.14867115020752, 0.74758172035217, -0.15796571969986, -2.15650796890259, 0.7649433016777, -0.14091661572456, 30.0513741026683, 0.18455807465545, 149.607766900664, 150.692920035239, 147.600169397922, 39.9263010952272, 174.468808536053, 165.596515747612, 160.785972534037, 162.224724561943
-1.95626604557037, 1.34073352813721, 0.06940051913261, -0.91852110624313, 0.06835133582354, 0.12214481085539, -1.68935203552246, 0.99014496803284, 0.15308547019958, 0.39909011125565, 1.99485409259796, -1.45734870433807, -2.13447904586792, 0.74237197637558, -0.03063955903053, 0.71715009212494, -0.14174434542656, 2.99540257453918, -1.69890213012695, 0.94014537334442, 0.28271776437759, -1.68229269981384, 0.8334025144577, 0.24378569424152, -1.68843269348145, 0.81336200237274, 0.22327467799187, -1.70728135108948, 0.81583344936371, 0.19601488113403, -1.72139775753021, 0.83599698543549, 0.17389488220215, -2.03194379806519, 0.71366155147552, -0.12040551006794, -2.10597157478333, 0.71870005130768, -0.20804171264172, -2.12857389450073, 0.73262053728104, -0.22050686180592, -2.14584827423096, 0.75896739959717, -0.20992761850357, -2.15447735786438, 0.77783405780792, -0.18414545059204, -1.7006995677948, 0.95697820186615, 0.22708602249622, -1.68330049514771, 0.87735164165497, 0.2287662178278, -1.68914818763733, 0.86340773105621, 0.20849132537842, -1.70251858234406, 0.86524164676666, 0.18495681881905, -1.71616876125336, 0.87724506855011, 0.16698175668716, -2.07548260688782, 0.73190498352051, -0.08644941449165, -2.1050226688385, 0.72108042240143, -0.1616568416357, -2.12557196617126, 0.73417925834656, -0.16842813789845, -2.14153337478638, 0.75420868396759, -0.15948091447353, -2.14922404289246, 0.77193486690521, -0.14274325966835, 30.0264678178599, 0.1870380736544, 149.554819274218, 150.664151278455, 147.594609623938, 39.6620342460503, 174.527124691187, 165.587335973367, 160.861500765879, 162.392159819257
-1.95403397083282, 1.34424352645874, 0.07013860344887, -0.91387420892715, 0.06433261930943, 0.12317879498005, -1.69089138507843, 0.9895453453064, 0.15354347229004, 0.3980173766613, 1.99438405036926, -1.45579397678375, -2.13022756576538, 0.7488706111908, -0.03166338801384, 0.73133689165115, -0.16374418139458, 2.97500610351563, -1.70066797733307, 0.93951231241226, 0.28314596414566, -1.68420338630676, 0.8327556848526, 0.24419015645981, -1.69035625457764, 0.81273382902145, 0.22366474568844, -1.70917129516602, 0.81524878740311, 0.19638572633266, -1.72322869300842, 0.83544552326202, 0.17425842583179, -2.02742838859558, 0.71732842922211, -0.12016830593348, -2.10062694549561, 0.72243165969849, -0.20849476754665, -2.12289261817932, 0.73655515909195, -0.22133173048496, -2.13982057571411, 0.76331526041031, -0.21124126017094, -2.14835476875305, 0.78265380859375, -0.18577912449837, -1.70237636566162, 0.95636981725693, 0.22751888632774, -1.68511819839478, 0.87671226263046, 0.22918672859669, -1.69096839427948, 0.86278653144836, 0.20890013873577, -1.704310297966, 0.86465287208557, 0.18535202741623, -1.71792018413544, 0.87668710947037, 0.16736699640751, -2.07094526290894, 0.73671889305115, -0.08682507276535, -2.10002779960632, 0.72539949417114, -0.16213792562485, -2.12030172348022, 0.73874205350876, -0.16925352811813, -2.13600707054138, 0.75914353132248, -0.16070227324963, -2.14354586601257, 0.77720892429352, -0.14426082372665, 30.0037403633966, 0.19212232239826, 149.507636327432, 150.639658220091, 147.597068492039, 39.4143408508944, 174.584962733079, 165.575970538588, 160.936646507127, 162.564225944828
-1.95180451869965, 1.34788823127747, 0.07089480757713, -0.90742671489716, 0.06229082867503, 0.12150945514441, -1.69238841533661, 0.98901009559631, 0.15397864580154, 0.39667230844498, 1.99379289150238, -1.45368432998657, -2.12688112258911, 0.75420367717743, -0.03255280852318, 0.74404525756836, -0.184091553092, 2.95610451698303, -1.70246386528015, 0.93894475698471, 0.28354579210281, -1.68619275093079, 0.83216679096222, 0.24456739425659, -1.69236326217651, 0.8121680021286, 0.22402475774288, -1.71113395690918, 0.81473833322525, 0.19672036170959, -1.72511315345764, 0.83497714996338, 0.1745819747448, -2.02390098571777, 0.72010666131973, -0.11989226937294, -2.09634613990784, 0.72527140378952, -0.20883409678936, -2.11830019950867, 0.73957461118698, -0.22200444340706, -2.13490104675293, 0.76669943332672, -0.21235385537148, -2.14333653450012, 0.78645783662796, -0.18718284368515, -1.70405459403992, 0.95582985877991, 0.22792358696461, -1.68698418140411, 0.87613171339035, 0.22958154976368, -1.69283819198608, 0.8622282743454, 0.20928077399731, -1.7061425447464, 0.86413568258286, 0.18571470677853, -1.71969902515411, 0.87620919942856, 0.16771571338177, -2.06737279891968, 0.74052953720093, -0.08711156249046, -2.09605240821838, 0.72876906394958, -0.16251128911972, -2.11607003211975, 0.74232840538025, -0.16993641853333, -2.13153219223022, 0.76305961608887, -0.16174225509167, -2.13892340660095, 0.78142529726028, -0.14556869864464, 29.9832122298462, 0.19967885949782, 149.466218060305, 150.61950916204, 147.607122530497, 39.1806527586315, 174.642076774918, 165.562556047058, 161.010958965297, 162.74533524086
-1.94961893558502, 1.35164546966553, 0.07173785567284, -0.89999723434448, 0.05961389094591, 0.11999264359474, -1.69433677196503, 0.98857975006104, 0.15442770719528, 0.39670833945274, 1.99337768554688, -1.44959723949432, -2.1161675453186, 0.77146196365356, -0.03391000628471, 0.76971334218979, -0.19462454319, 2.937828540802, -1.70484161376953, 0.93875432014465, 0.28405320644379, -1.68885862827301, 0.83185970783234, 0.24527576565742, -1.69505667686462, 0.8118497133255, 0.22475238144398, -1.71376407146454, 0.81444102525711, 0.19740653038025, -1.72762978076935, 0.83469247817993, 0.17520840466022, -2.01435780525208, 0.73381000757217, -0.12116124480963, -2.08682131767273, 0.74025201797485, -0.21000456809998, -2.10839891433716, 0.75504982471466, -0.22325055301189, -2.12422156333923, 0.78270244598389, -0.21379236876965, -2.13205289840698, 0.80289244651794, -0.18876907229424, -1.70626378059387, 0.95555675029755, 0.22840140759945, -1.68946969509125, 0.87580335140228, 0.23021906614304, -1.69533085823059, 0.86188787221909, 0.20992860198021, -1.7085816860199, 0.86380350589752, 0.18633303046227, -1.72206091880798, 0.87589484453201, 0.16828799247742, -2.05717706680298, 0.75569760799408, -0.08846734464169, -2.08633208274841, 0.7441194653511, -0.16371281445026, -2.10598230361938, 0.75816708803177, -0.17121136188507, -2.12084674835205, 0.77938520908356, -0.16315896809101, -2.12769198417664, 0.79808050394058, -0.14712333679199, 29.9930511173456, 0.23182401090836, 149.431848548401, 150.618511954421, 147.643404495368, 38.9499289684685, 174.686199796956, 165.547106159156, 161.085339725358, 162.944817745759
